year,articles,jewish_rel_articles,jewish_rel_pct,israel_rel_articles,israel_rel_pct,antisem_topic_articles,antisem_topic_pct,narrow_flag_per100rel,narrow_unattr_per100rel,ihra_flag_per100rel,ihra_unattr_per100rel,narrow_flagged_articles,narrow_unattr_articles,ihra_flagged_articles,mean_jewish_sentiment,mean_israel_sentiment
2002,1,0,0.0,0,0.0,0,0.0,,,,,0,0,0,,
2009,1,0,0.0,0,0.0,0,0.0,,,,,0,0,0,,
2012,1,0,0.0,0,0.0,0,0.0,,,,,0,0,0,,
2013,103,0,0.0,0,0.0,0,0.0,,,,,0,0,0,,
2014,110,1,0.91,0,0.0,0,0.0,0.0,0.0,0.0,0.0,0,0,0,0.06,
2015,23,0,0.0,0,0.0,0,0.0,,,,,0,0,0,,
2016,247,12,4.86,5,2.02,1,0.4,0.0,0.0,6.67,0.0,0,0,1,0.2034,0.3063
2017,1746,76,4.35,40,2.29,18,1.03,0.0,0.0,10.0,5.56,0,0,9,0.1545,0.0486
2018,1541,78,5.06,51,3.31,25,1.62,3.85,0.0,7.69,1.92,4,0,8,0.0532,0.2316
2019,1157,49,4.24,25,2.16,18,1.56,11.48,0.0,16.39,0.0,7,0,10,0.0913,-0.0061
2020,699,27,3.86,22,3.15,10,1.43,12.82,0.0,17.95,2.56,5,0,7,-0.0401,0.1388
2021,780,31,3.97,14,1.79,2,0.26,2.27,0.0,4.55,0.0,1,0,2,0.0726,0.1278
2022,1008,21,2.08,14,1.39,5,0.5,3.03,0.0,3.03,0.0,1,0,1,0.0987,0.2201
2023,930,115,12.37,118,12.69,60,6.45,2.8,0.0,18.18,4.2,4,0,26,0.1218,-0.005
2024,1341,342,25.5,488,36.39,223,16.63,1.14,0.0,11.22,3.42,6,0,59,0.0057,-0.0362
2025,1313,369,28.1,461,35.11,285,21.71,1.31,0.19,5.07,0.56,7,1,27,-0.1301,-0.1499
2026,842,139,16.51,174,20.67,73,8.67,0.0,0.0,5.48,0.46,0,0,12,-0.0192,-0.1752
